Date,Open,High,Low,Close ,,
7-Mar-25,235.11,241.37,234.76,239.07,239.07,"46,245,700"
6-Mar-25,234.44,237.86,233.16,235.33,235.33,"45,170,400"
5-Mar-25,235.42,236.55,229.23,235.74,235.74,"47,227,600"
4-Mar-25,237.71,240.07,234.68,235.93,235.93,"53,798,100"
3-Mar-25,241.79,244.03,236.11,238.03,238.03,"47,184,000"
28-Feb-25,236.95,242.09,230.2,241.84,241.84,"56,833,400"
27-Feb-25,239.41,242.46,237.06,237.3,237.3,"41,153,600"
26-Feb-25,244.33,244.98,239.13,240.36,240.36,"44,433,600"
25-Feb-25,248,250,244.91,247.04,247.04,"48,013,300"
24-Feb-25,244.93,248.86,244.42,247.1,247.1,"51,326,400"
21-Feb-25,245.95,248.69,245.22,245.55,245.55,"53,197,400"
20-Feb-25,244.94,246.78,244.29,245.83,245.83,"32,316,900"
19-Feb-25,244.66,246.01,243.16,244.87,244.87,"32,204,200"
18-Feb-25,244.15,245.18,241.84,244.47,244.47,"48,822,500"
14-Feb-25,241.25,245.55,240.99,244.6,244.6,"40,896,200"
13-Feb-25,236.91,242.34,235.57,241.53,241.53,"53,614,100"
12-Feb-25,231.2,236.96,230.68,236.87,236.87,"45,243,300"
11-Feb-25,228.2,235.23,228.13,232.62,232.62,"53,718,400"
10-Feb-25,0.25 Dividend,,,,,
10-Feb-25,229.57,230.59,227.2,227.65,227.65,"33,115,600"
7-Feb-25,232.6,234,227.26,227.63,227.38,"39,707,200"
6-Feb-25,231.29,233.8,230.43,233.22,232.96,"29,925,300"
5-Feb-25,228.53,232.67,228.27,232.47,232.21,"39,620,300"
4-Feb-25,227.25,233.13,226.65,232.8,232.54,"45,067,300"
3-Feb-25,229.99,231.83,225.7,228.01,227.76,"73,063,300"
31-Jan-25,247.19,247.19,233.44,236,235.74,"101,075,100"
30-Jan-25,238.67,240.79,237.21,237.59,237.33,"55,658,300"
29-Jan-25,234.12,239.86,234.01,239.36,239.1,"45,486,100"
28-Jan-25,230.85,240.19,230.81,238.26,238,"75,707,600"
27-Jan-25,224.02,232.15,223.98,229.86,229.61,"94,863,400"
24-Jan-25,224.78,225.63,221.41,222.78,222.54,"54,697,900"
23-Jan-25,224.74,227.03,222.3,223.66,223.41,"60,234,800"
22-Jan-25,219.79,224.12,219.79,223.83,223.58,"64,126,500"
21-Jan-25,224,224.42,219.38,222.64,222.4,"98,070,400"
17-Jan-25,232.12,232.29,228.48,229.98,229.73,"68,488,300"
16-Jan-25,237.35,238.01,228.03,228.26,228.01,"71,759,100"
15-Jan-25,234.64,238.96,234.43,237.87,237.61,"39,832,000"
14-Jan-25,234.75,236.12,232.47,233.28,233.02,"39,435,300"
13-Jan-25,233.53,234.67,229.72,234.4,234.14,"49,630,700"
10-Jan-25,240.01,240.16,233,236.85,236.59,"61,710,900"
8-Jan-25,241.92,243.71,240.05,242.7,242.43,"37,628,900"
7-Jan-25,242.98,245.55,241.35,242.21,241.94,"40,856,000"
6-Jan-25,244.31,247.33,243.2,245,244.73,"45,045,600"
3-Jan-25,243.36,244.18,241.89,243.36,243.09,"40,244,100"
2-Jan-25,248.93,249.1,241.82,243.85,243.58,"55,740,700"
31-Dec-24,252.44,253.28,249.43,250.42,250.14,"39,480,700"
30-Dec-24,252.23,253.5,250.75,252.2,251.92,"35,557,500"
27-Dec-24,257.83,258.7,253.06,255.59,255.31,"42,355,300"
26-Dec-24,258.19,260.1,257.63,259.02,258.74,"27,237,100"
24-Dec-24,255.49,258.21,255.29,258.2,257.92,"23,234,700"
23-Dec-24,254.77,255.65,253.45,255.27,254.99,"40,858,800"
20-Dec-24,248.04,255,245.69,254.49,254.21,"147,495,300"
19-Dec-24,247.5,252,247.09,249.79,249.52,"60,882,300"
18-Dec-24,252.16,254.28,247.74,248.05,247.78,"56,774,100"
17-Dec-24,250.08,253.83,249.78,253.48,253.2,"51,356,400"
16-Dec-24,247.99,251.38,247.65,251.04,250.76,"51,694,800"
13-Dec-24,247.82,249.29,246.24,248.13,247.86,"33,155,300"
12-Dec-24,246.89,248.74,245.68,247.96,247.69,"32,777,500"
11-Dec-24,247.96,250.8,246.26,246.49,246.22,"45,205,800"
10-Dec-24,246.89,248.21,245.34,247.77,247.5,"36,914,800"
9-Dec-24,241.83,247.24,241.75,246.75,246.48,"44,649,200"
6-Dec-24,242.91,244.63,242.08,242.84,242.57,"36,870,600"
5-Dec-24,243.99,244.54,242.13,243.04,242.77,"40,033,900"
4-Dec-24,242.87,244.11,241.25,243.01,242.74,"44,383,900"
3-Dec-24,239.81,242.76,238.9,242.65,242.38,"38,861,000"
2-Dec-24,237.27,240.79,237.16,239.59,239.33,"48,137,100"
29-Nov-24,234.81,237.81,233.97,237.33,237.07,"28,481,400"
27-Nov-24,234.47,235.69,233.81,234.93,234.67,"33,498,400"
26-Nov-24,233.33,235.57,233.33,235.06,234.8,"45,986,200"
25-Nov-24,231.46,233.25,229.74,232.87,232.61,"90,152,800"
22-Nov-24,228.06,230.72,228.06,229.87,229.62,"38,168,300"
21-Nov-24,228.88,230.16,225.71,228.52,228.27,"42,108,300"
20-Nov-24,228.06,229.93,225.89,229,228.75,"35,169,600"
19-Nov-24,226.98,230.16,226.66,228.28,228.03,"36,211,800"
18-Nov-24,225.25,229.74,225.17,228.02,227.77,"44,686,000"
15-Nov-24,226.4,226.92,224.27,225,224.75,"47,923,700"
14-Nov-24,225.02,228.87,225,228.22,227.97,"44,923,900"
13-Nov-24,224.01,226.65,222.76,225.12,224.87,"48,566,200"
12-Nov-24,224.55,225.59,223.36,224.23,223.98,"40,398,300"
11-Nov-24,225,225.7,221.5,224.23,223.98,"42,005,600"
8-Nov-24,0.25 Dividend,,,,,
8-Nov-24,227.17,228.66,226.41,226.96,226.71,"38,328,800"
7-Nov-24,224.63,227.88,224.57,227.48,226.98,"42,137,700"
6-Nov-24,222.61,226.07,221.19,222.72,222.23,"54,561,100"
5-Nov-24,221.8,223.95,221.14,223.45,222.96,"28,111,300"
4-Nov-24,220.99,222.79,219.71,222.01,221.52,"44,944,500"
1-Nov-24,220.97,225.35,220.27,222.91,222.42,"65,276,700"
31-Oct-24,229.34,229.83,225.37,225.91,225.41,"64,370,100"
30-Oct-24,232.61,233.47,229.55,230.1,229.59,"47,070,900"
29-Oct-24,233.1,234.33,232.32,233.67,233.16,"35,417,200"
28-Oct-24,233.32,234.73,232.55,233.4,232.89,"36,087,100"
25-Oct-24,229.74,233.22,229.57,231.41,230.9,"38,802,300"
24-Oct-24,229.98,230.82,228.41,230.57,230.06,"31,109,500"
23-Oct-24,234.08,235.14,227.76,230.76,230.25,"52,287,000"
22-Oct-24,233.89,236.22,232.6,235.86,235.34,"38,846,600"
21-Oct-24,234.45,236.85,234.45,236.48,235.96,"36,254,500"
18-Oct-24,236.18,236.18,234.01,235,234.48,"46,431,500"
17-Oct-24,233.43,233.85,230.52,232.15,231.64,"32,993,800"
16-Oct-24,231.6,232.12,229.84,231.78,231.27,"34,082,200"
15-Oct-24,233.61,237.49,232.37,233.85,233.34,"64,751,400"
14-Oct-24,228.7,231.73,228.6,231.3,230.79,"39,882,100"
11-Oct-24,229.3,229.41,227.34,227.55,227.05,"31,759,200"
10-Oct-24,227.78,229.5,227.17,229.04,228.54,"28,183,500"
9-Oct-24,225.23,229.75,224.83,229.54,229.04,"33,591,100"
8-Oct-24,224.3,225.98,223.25,225.77,225.27,"31,855,700"
7-Oct-24,224.5,225.69,221.33,221.69,221.2,"39,505,400"
4-Oct-24,227.9,228,224.13,226.8,226.3,"37,245,100"
3-Oct-24,225.14,226.81,223.32,225.67,225.17,"34,044,200"
2-Oct-24,225.89,227.37,223.02,226.78,226.28,"32,880,600"
1-Oct-24,229.52,229.65,223.74,226.21,225.71,"63,285,000"
30-Sep-24,230.04,233,229.65,233,232.49,"54,541,900"
27-Sep-24,228.46,229.52,227.3,227.79,227.29,"34,026,000"
26-Sep-24,227.3,228.5,225.41,227.52,227.02,"36,636,700"
25-Sep-24,224.93,227.29,224.02,226.37,225.87,"42,308,700"
24-Sep-24,228.65,229.35,225.73,227.37,226.87,"43,556,100"
23-Sep-24,227.34,229.45,225.81,226.47,225.97,"54,146,000"
20-Sep-24,229.97,233.09,227.62,228.2,227.7,"318,679,900"
19-Sep-24,224.99,229.82,224.63,228.87,228.37,"66,781,300"
18-Sep-24,217.55,222.71,217.54,220.69,220.21,"59,894,900"
17-Sep-24,215.75,216.9,214.5,216.79,216.31,"45,519,300"
16-Sep-24,216.54,217.22,213.92,216.32,215.84,"59,357,400"
13-Sep-24,223.58,224.04,221.91,222.5,222.01,"36,766,600"
12-Sep-24,222.5,223.55,219.82,222.77,222.28,"37,498,200"
11-Sep-24,221.46,223.09,217.89,222.66,222.17,"44,587,100"
10-Sep-24,218.92,221.48,216.73,220.11,219.63,"51,591,000"
9-Sep-24,220.82,221.27,216.71,220.91,220.42,"67,180,000"
6-Sep-24,223.95,225.24,219.77,220.82,220.34,"48,423,000"
5-Sep-24,221.63,225.48,221.52,222.38,221.89,"36,615,400"
4-Sep-24,221.66,221.78,217.48,220.85,220.37,"43,840,200"
3-Sep-24,228.55,229,221.17,222.77,222.28,"50,190,600"
30-Aug-24,230.19,230.4,227.48,229,228.5,"52,990,800"
29-Aug-24,230.1,232.92,228.88,229.79,229.29,"51,906,300"
28-Aug-24,227.92,229.86,225.68,226.49,225.99,"38,052,200"
27-Aug-24,226,228.85,224.89,228.03,227.53,"35,934,600"
26-Aug-24,226.76,227.28,223.89,227.18,226.68,"30,602,200"
23-Aug-24,225.66,228.22,224.33,226.84,226.34,"38,677,300"
22-Aug-24,227.79,228.34,223.9,224.53,224.04,"43,695,300"
21-Aug-24,226.52,227.98,225.05,226.4,225.9,"34,765,500"
20-Aug-24,225.77,227.17,225.45,226.51,226.01,"30,299,000"
19-Aug-24,225.72,225.99,223.04,225.89,225.39,"40,687,800"
16-Aug-24,223.92,226.83,223.65,226.05,225.55,"44,340,200"
15-Aug-24,224.6,225.35,222.76,224.72,224.23,"46,414,000"
14-Aug-24,220.57,223.03,219.7,221.72,221.23,"41,960,600"
13-Aug-24,219.01,221.89,219.01,221.27,220.78,"44,155,300"
12-Aug-24,0.25 Dividend,,,,,
12-Aug-24,216.07,219.51,215.6,217.53,217.05,"38,028,100"
9-Aug-24,212.1,216.78,211.97,216.24,215.52,"42,201,600"
8-Aug-24,213.11,214.2,208.83,213.31,212.6,"47,161,100"
7-Aug-24,206.9,213.64,206.39,209.82,209.12,"63,516,400"
6-Aug-24,205.3,209.99,201.07,207.23,206.54,"69,660,500"
5-Aug-24,199.09,213.5,196,209.27,208.57,"119,548,600"
2-Aug-24,219.15,225.6,217.71,219.86,219.12,"105,568,600"
1-Aug-24,224.37,224.48,217.02,218.36,217.63,"62,501,000"
31-Jul-24,221.44,223.82,220.63,222.08,221.34,"50,036,300"
30-Jul-24,219.19,220.33,216.12,218.8,218.07,"41,643,800"
29-Jul-24,216.96,219.3,215.75,218.24,217.51,"36,311,800"
26-Jul-24,218.7,219.49,216.01,217.96,217.23,"41,601,300"
25-Jul-24,218.93,220.85,214.62,217.49,216.76,"51,391,200"
24-Jul-24,224,224.8,217.13,218.54,217.81,"61,777,600"
23-Jul-24,224.37,226.94,222.68,225.01,224.26,"39,960,300"
22-Jul-24,227.01,227.78,223.09,223.96,223.21,"48,201,800"
19-Jul-24,224.82,226.8,223.28,224.31,223.56,"49,151,500"
18-Jul-24,230.28,230.44,222.27,224.18,223.43,"66,034,600"
17-Jul-24,229.45,231.46,226.64,228.88,228.11,"57,345,900"
16-Jul-24,235,236.27,232.33,234.82,234.03,"43,234,300"
15-Jul-24,236.48,237.23,233.09,234.4,233.61,"62,631,300"
12-Jul-24,228.92,232.64,228.68,230.54,229.77,"53,046,500"
11-Jul-24,231.39,232.39,225.77,227.57,226.81,"64,710,600"
10-Jul-24,229.3,233.08,229.25,232.98,232.2,"62,627,700"
9-Jul-24,227.93,229.4,226.37,228.68,227.91,"48,076,100"
8-Jul-24,227.09,227.85,223.25,227.82,227.06,"59,085,900"
5-Jul-24,221.65,226.45,221.65,226.34,225.58,"60,412,400"
3-Jul-24,220,221.55,219.03,221.55,220.81,"37,369,800"
2-Jul-24,216.15,220.38,215.1,220.27,219.53,"58,046,200"
1-Jul-24,212.09,217.51,211.92,216.75,216.02,"60,402,900"
28-Jun-24,215.77,216.07,210.3,210.62,209.91,"82,542,700"
27-Jun-24,214.69,215.74,212.35,214.1,213.38,"49,772,700"
26-Jun-24,211.5,214.86,210.64,213.25,212.54,"66,213,200"
25-Jun-24,209.15,211.38,208.61,209.07,208.37,"56,713,900"
24-Jun-24,207.72,212.7,206.59,208.14,207.44,"80,727,000"
21-Jun-24,210.39,211.89,207.11,207.49,206.79,"246,421,400"
20-Jun-24,213.93,214.24,208.85,209.68,208.98,"86,172,500"
18-Jun-24,217.59,218.63,213,214.29,213.57,"79,943,300"
17-Jun-24,213.37,218.95,212.72,216.67,215.94,"93,728,300"
14-Jun-24,213.85,215.17,211.3,212.49,211.78,"70,122,700"
13-Jun-24,214.74,216.75,211.6,214.24,213.52,"97,862,700"
12-Jun-24,207.37,220.2,206.9,213.07,212.36,"198,134,300"
11-Jun-24,193.65,207.16,193.63,207.15,206.46,"172,373,300"
10-Jun-24,196.9,197.3,192.15,193.12,192.47,"97,262,100"
7-Jun-24,194.65,196.94,194.14,196.89,196.23,"53,103,900"
6-Jun-24,195.69,196.5,194.17,194.48,193.83,"41,181,800"
5-Jun-24,195.4,196.9,194.87,195.87,195.21,"54,156,800"
4-Jun-24,194.64,195.32,193.03,194.35,193.7,"47,471,400"
3-Jun-24,192.9,194.99,192.52,194.03,193.38,"50,080,500"
31-May-24,191.44,192.57,189.91,192.25,191.61,"75,158,300"
30-May-24,190.76,192.18,190.63,191.29,190.65,"49,947,900"
29-May-24,189.61,192.25,189.51,190.29,189.65,"53,068,000"
28-May-24,191.51,193,189.1,189.99,189.35,"52,280,100"
24-May-24,188.82,190.58,188.04,189.98,189.34,"36,294,600"
23-May-24,190.98,191,186.63,186.88,186.25,"51,005,900"
22-May-24,192.27,192.82,190.27,190.9,190.26,"34,648,500"
21-May-24,191.09,192.73,190.92,192.35,191.71,"42,309,400"
20-May-24,189.33,191.92,189.01,191.04,190.4,"44,361,300"
17-May-24,189.51,190.81,189.18,189.87,189.23,"41,282,900"
16-May-24,190.47,191.1,189.66,189.84,189.2,"52,845,200"
15-May-24,187.91,190.65,187.37,189.72,189.08,"70,400,000"
14-May-24,187.51,188.3,186.29,187.43,186.8,"52,393,600"
13-May-24,185.44,187.1,184.62,186.28,185.66,"72,044,800"
10-May-24,0.25 Dividend,,,,,
10-May-24,184.9,185.09,182.13,183.05,182.44,"50,759,500"
9-May-24,182.56,184.66,182.11,184.57,183.7,"48,983,000"
8-May-24,182.85,183.07,181.45,182.74,181.88,"45,057,100"
7-May-24,183.45,184.9,181.32,182.4,181.54,"77,305,800"
6-May-24,182.35,184.2,180.42,181.71,180.86,"78,569,700"
3-May-24,186.65,187,182.66,183.38,182.52,"163,224,100"
2-May-24,172.51,173.42,170.89,173.03,172.22,"94,214,900"
1-May-24,169.58,172.71,169.11,169.3,168.5,"50,383,100"
30-Apr-24,173.33,174.99,170,170.33,169.53,"65,934,800"
29-Apr-24,173.37,176.03,173.1,173.5,172.68,"68,169,400"
26-Apr-24,169.88,171.34,169.18,169.3,168.5,"44,838,400"
25-Apr-24,169.53,170.61,168.15,169.89,169.09,"50,558,300"
24-Apr-24,166.54,169.3,166.21,169.02,168.23,"48,251,800"
23-Apr-24,165.35,167.05,164.92,166.9,166.12,"49,537,800"
22-Apr-24,165.52,167.26,164.77,165.84,165.06,"48,116,400"
19-Apr-24,166.21,166.4,164.08,165,164.22,"67,772,100"
18-Apr-24,168.03,168.64,166.55,167.04,166.25,"43,122,900"
17-Apr-24,169.61,170.65,168,168,167.21,"50,901,200"
16-Apr-24,171.75,173.76,168.27,169.38,168.58,"73,711,200"
15-Apr-24,175.36,176.63,172.5,172.69,171.88,"73,531,800"
12-Apr-24,174.26,178.36,174.21,176.55,175.72,"101,593,300"
11-Apr-24,168.34,175.46,168.16,175.04,174.22,"91,070,300"
10-Apr-24,168.8,169.09,167.11,167.78,166.99,"49,709,300"
9-Apr-24,168.7,170.08,168.35,169.67,168.87,"42,451,200"
8-Apr-24,169.03,169.2,168.24,168.45,167.66,"37,425,500"
5-Apr-24,169.59,170.39,168.95,169.58,168.78,"42,055,200"
4-Apr-24,170.29,171.92,168.82,168.82,168.03,"53,704,400"
3-Apr-24,168.79,170.68,168.58,169.65,168.85,"47,691,700"
2-Apr-24,169.08,169.34,168.23,168.84,168.05,"49,329,500"
1-Apr-24,171.19,171.25,169.48,170.03,169.23,"46,240,500"
28-Mar-24,171.75,172.23,170.51,171.48,170.67,"65,672,700"
27-Mar-24,170.41,173.6,170.11,173.31,172.5,"60,273,300"
26-Mar-24,170,171.42,169.58,169.71,168.91,"57,388,400"
25-Mar-24,170.57,171.94,169.45,170.85,170.05,"54,288,300"
22-Mar-24,171.76,173.05,170.06,172.28,171.47,"71,106,600"
21-Mar-24,177.05,177.49,170.84,171.37,170.56,"106,181,300"
20-Mar-24,175.72,178.67,175.09,178.67,177.83,"53,423,100"
19-Mar-24,174.34,176.61,173.03,176.08,175.25,"55,215,200"
18-Mar-24,175.57,177.71,173.52,173.72,172.9,"75,604,200"
15-Mar-24,171.17,172.62,170.29,172.62,171.81,"121,664,700"
14-Mar-24,172.91,174.31,172.05,173,172.19,"72,913,500"
13-Mar-24,172.77,173.19,170.76,171.13,170.33,"52,488,700"
12-Mar-24,173.15,174.03,171.01,173.23,172.42,"59,825,400"
11-Mar-24,172.94,174.38,172.05,172.75,171.94,"60,139,500"
8-Mar-24,169,173.7,168.94,170.73,169.93,"76,114,600"
7-Mar-24,169.15,170.73,168.49,169,168.21,"71,765,100"
6-Mar-24,171.06,171.24,168.68,169.12,168.33,"68,587,700"
5-Mar-24,170.76,172.04,169.62,170.12,169.32,"95,132,400"
4-Mar-24,176.15,176.9,173.79,175.1,174.28,"81,510,100"
1-Mar-24,179.55,180.53,177.38,179.66,178.82,"73,488,000"
29-Feb-24,181.27,182.57,179.53,180.75,179.9,"136,682,600"
28-Feb-24,182.51,183.12,180.13,181.42,180.57,"48,953,900"
27-Feb-24,181.1,183.92,179.56,182.63,181.77,"54,318,900"
26-Feb-24,182.24,182.76,180.65,181.16,180.31,"40,867,400"
23-Feb-24,185.01,185.04,182.23,182.52,181.66,"45,119,700"
22-Feb-24,183.48,184.96,182.46,184.37,183.5,"52,292,200"
21-Feb-24,181.94,182.89,180.66,182.32,181.46,"41,529,700"
20-Feb-24,181.79,182.43,180,181.56,180.71,"53,665,600"
16-Feb-24,183.42,184.85,181.67,182.31,181.45,"49,701,400"
15-Feb-24,183.55,184.49,181.35,183.86,183,"65,434,500"
14-Feb-24,185.32,185.53,182.44,184.15,183.28,"54,630,500"
13-Feb-24,185.77,186.21,183.51,185.04,184.17,"56,529,500"
12-Feb-24,188.42,188.67,186.79,187.15,186.27,"41,781,900"
9-Feb-24,0.24 Dividend,,,,,
9-Feb-24,188.65,189.99,188,188.85,187.96,"45,155,200"
8-Feb-24,189.39,189.54,187.35,188.32,187.2,"40,962,000"
7-Feb-24,190.64,191.05,188.61,189.41,188.28,"53,439,000"
6-Feb-24,186.86,189.31,186.77,189.3,188.17,"43,490,800"
5-Feb-24,188.15,189.25,185.84,187.68,186.56,"69,668,800"
2-Feb-24,179.86,187.33,179.25,185.85,184.74,"102,518,000"
1-Feb-24,183.99,186.95,183.82,186.86,185.74,"64,885,400"
31-Jan-24,187.04,187.1,184.35,184.4,183.3,"55,467,800"
30-Jan-24,190.94,191.8,187.47,188.04,186.92,"55,859,400"
29-Jan-24,192.01,192.2,189.58,191.73,190.59,"47,145,600"
26-Jan-24,194.27,194.76,191.94,192.42,191.27,"44,594,000"
25-Jan-24,195.22,196.27,193.11,194.17,193.01,"54,822,100"
24-Jan-24,195.42,196.38,194.34,194.5,193.34,"53,631,300"
23-Jan-24,195.02,195.75,193.83,195.18,194.02,"42,355,600"
22-Jan-24,192.3,195.33,192.26,193.89,192.73,"60,133,900"
19-Jan-24,189.33,191.95,188.82,191.56,190.42,"68,741,000"
18-Jan-24,186.09,189.14,185.83,188.63,187.5,"78,005,800"
17-Jan-24,181.27,182.93,180.3,182.68,181.59,"47,317,400"
16-Jan-24,182.16,184.26,180.93,183.63,182.53,"65,603,000"
12-Jan-24,186.06,186.74,185.19,185.92,184.81,"40,444,700"
11-Jan-24,186.54,187.05,183.62,185.59,184.48,"49,128,400"
10-Jan-24,184.35,186.4,183.92,186.19,185.08,"46,792,900"
9-Jan-24,183.92,185.15,182.73,185.14,184.04,"42,841,800"
8-Jan-24,182.09,185.6,181.5,185.56,184.45,"59,144,500"
5-Jan-24,181.99,182.76,180.17,181.18,180.1,"62,303,300"
4-Jan-24,182.15,183.09,180.88,181.91,180.82,"71,983,600"
3-Jan-24,184.22,185.88,183.43,184.25,183.15,"58,414,500"
2-Jan-24,187.15,188.44,183.89,185.64,184.53,"82,488,700"
29-Dec-23,193.9,194.4,191.73,192.53,191.38,"42,628,800"
28-Dec-23,194.14,194.66,193.17,193.58,192.42,"34,049,900"
27-Dec-23,192.49,193.5,191.09,193.15,192,"48,087,700"
26-Dec-23,193.61,193.89,192.83,193.05,191.9,"28,919,300"
22-Dec-23,195.18,195.41,192.97,193.6,192.44,"37,122,800"
21-Dec-23,196.1,197.08,193.5,194.68,193.52,"46,482,500"
20-Dec-23,196.9,197.68,194.83,194.83,193.67,"52,242,800"
19-Dec-23,196.16,196.95,195.89,196.94,195.76,"40,714,100"
18-Dec-23,196.09,196.63,194.39,195.89,194.72,"55,751,900"
15-Dec-23,197.53,198.4,197,197.57,196.39,"128,256,700"
14-Dec-23,198.02,199.62,196.16,198.11,196.93,"66,831,600"
13-Dec-23,195.09,198,194.85,197.96,196.78,"70,404,200"
12-Dec-23,193.08,194.72,191.72,194.71,193.55,"52,696,900"
11-Dec-23,193.11,193.49,191.42,193.18,192.03,"60,943,700"
8-Dec-23,194.2,195.99,193.67,195.71,194.54,"53,377,300"
7-Dec-23,193.63,195,193.59,194.27,193.11,"47,477,700"
6-Dec-23,194.45,194.76,192.11,192.32,191.17,"41,089,700"
5-Dec-23,190.21,194.4,190.18,193.42,192.27,"66,628,400"
4-Dec-23,189.98,190.05,187.45,189.43,188.3,"43,389,500"
1-Dec-23,190.33,191.56,189.23,191.24,190.1,"45,679,300"
30-Nov-23,189.84,190.32,188.19,189.95,188.82,"48,794,400"
29-Nov-23,190.9,192.09,188.97,189.37,188.24,"43,014,200"
28-Nov-23,189.78,191.08,189.4,190.4,189.26,"38,415,400"
27-Nov-23,189.92,190.67,188.9,189.79,188.66,"40,552,600"
24-Nov-23,190.87,190.9,189.25,189.97,188.84,"24,048,300"
22-Nov-23,191.49,192.93,190.83,191.31,190.17,"39,617,700"
21-Nov-23,191.41,191.52,189.74,190.64,189.5,"38,134,500"
20-Nov-23,189.89,191.91,189.88,191.45,190.31,"46,505,100"
17-Nov-23,190.25,190.38,188.57,189.69,188.56,"50,922,700"
16-Nov-23,189.57,190.96,188.65,189.71,188.58,"54,412,900"
15-Nov-23,187.85,189.5,187.78,188.01,186.89,"53,790,500"
14-Nov-23,187.7,188.11,186.3,187.44,186.32,"60,108,400"
13-Nov-23,185.82,186.03,184.21,184.8,183.7,"43,627,500"
10-Nov-23,0.24 Dividend,,,,,
10-Nov-23,183.97,186.57,183.53,186.4,185.29,"66,133,400"
9-Nov-23,182.96,184.12,181.81,182.41,181.08,"53,763,500"
8-Nov-23,182.35,183.45,181.59,182.89,181.56,"49,340,300"
7-Nov-23,179.18,182.44,178.97,181.82,180.5,"70,530,000"
6-Nov-23,176.38,179.43,176.21,179.23,177.93,"63,841,300"
3-Nov-23,174.24,176.82,173.35,176.65,175.36,"79,763,700"
2-Nov-23,175.52,177.78,175.46,177.57,176.28,"77,334,800"
1-Nov-23,171,174.23,170.12,173.97,172.7,"56,934,900"
31-Oct-23,169.35,170.9,167.9,170.77,169.53,"44,846,000"
30-Oct-23,169.02,171.17,168.87,170.29,169.05,"51,131,000"
27-Oct-23,166.91,168.96,166.83,168.22,167,"58,499,100"
26-Oct-23,170.37,171.38,165.67,166.89,165.68,"70,625,300"
25-Oct-23,171.88,173.06,170.65,171.1,169.86,"57,157,000"
24-Oct-23,173.05,173.67,171.45,173.44,172.18,"43,816,600"
23-Oct-23,170.91,174.01,169.93,173,171.74,"55,980,100"
20-Oct-23,175.31,175.42,172.64,172.88,171.62,"64,189,300"
19-Oct-23,176.04,177.84,175.19,175.46,174.18,"59,302,900"
18-Oct-23,175.58,177.58,175.11,175.84,174.56,"54,764,400"
17-Oct-23,176.65,178.42,174.8,177.15,175.86,"57,549,400"
16-Oct-23,176.75,179.08,176.51,178.72,177.42,"52,517,000"
13-Oct-23,181.42,181.93,178.14,178.85,177.55,"51,427,100"
12-Oct-23,180.07,182.34,179.04,180.71,179.4,"56,743,100"
11-Oct-23,178.2,179.85,177.6,179.8,178.49,"47,551,100"
10-Oct-23,178.1,179.72,177.95,178.39,177.09,"43,698,000"
9-Oct-23,176.81,179.05,175.8,178.99,177.69,"42,390,800"
6-Oct-23,173.8,177.99,173.18,177.49,176.2,"57,224,100"
5-Oct-23,173.79,175.45,172.68,174.91,173.64,"48,527,900"
4-Oct-23,171.09,174.21,170.97,173.66,172.4,"53,020,300"
3-Oct-23,172.26,173.63,170.82,172.4,171.15,"49,594,600"
2-Oct-23,171.22,174.3,170.93,173.75,172.49,"52,164,500"
29-Sep-23,172.02,173.07,170.34,171.21,169.96,"51,814,200"
28-Sep-23,169.34,172.03,167.62,170.69,169.45,"56,294,400"
27-Sep-23,172.62,173.04,169.05,170.43,169.19,"66,921,800"
26-Sep-23,174.82,175.2,171.66,171.96,170.71,"64,588,900"
25-Sep-23,174.2,176.97,174.15,176.08,174.8,"46,172,700"
22-Sep-23,174.67,177.08,174.05,174.79,173.52,"56,725,400"
21-Sep-23,174.55,176.3,173.86,173.93,172.66,"63,047,900"
20-Sep-23,179.26,179.7,175.4,175.49,174.21,"58,436,200"
19-Sep-23,177.52,179.63,177.13,179.07,177.77,"51,826,900"
18-Sep-23,176.48,179.38,176.17,177.97,176.68,"67,257,600"
15-Sep-23,176.48,176.5,173.82,175.01,173.74,"109,205,100"
14-Sep-23,174,176.1,173.58,175.74,174.46,"60,895,800"
13-Sep-23,176.51,177.3,173.98,174.21,172.94,"84,267,900"
12-Sep-23,179.49,180.13,174.82,176.3,175.02,"90,370,200"
11-Sep-23,180.07,180.3,177.34,179.36,178.05,"58,953,100"
8-Sep-23,178.35,180.24,177.79,178.18,176.88,"65,551,300"
7-Sep-23,175.18,178.21,173.54,177.56,176.27,"112,488,800"
6-Sep-23,188.4,188.85,181.47,182.91,181.58,"81,755,800"
5-Sep-23,188.28,189.98,187.61,189.7,188.32,"45,280,000"
1-Sep-23,189.49,189.92,188.28,189.46,188.08,"45,732,600"
31-Aug-23,187.84,189.12,187.48,187.87,186.5,"60,794,500"
30-Aug-23,184.94,187.85,184.74,187.65,186.28,"60,813,900"
29-Aug-23,179.7,184.9,179.5,184.12,182.78,"53,003,900"
28-Aug-23,180.09,180.59,178.55,180.19,178.88,"43,820,700"
25-Aug-23,177.38,179.15,175.82,178.61,177.31,"51,449,600"
24-Aug-23,180.67,181.1,176.01,176.38,175.1,"54,945,800"
23-Aug-23,178.52,181.55,178.33,181.12,179.8,"52,722,800"
22-Aug-23,177.06,177.68,176.25,177.23,175.94,"42,084,200"
21-Aug-23,175.07,176.13,173.74,175.84,174.56,"46,311,900"
18-Aug-23,172.3,175.1,171.96,174.49,173.22,"61,114,200"
17-Aug-23,177.14,177.51,173.48,174,172.73,"66,062,900"
16-Aug-23,177.13,178.54,176.5,176.57,175.29,"46,964,900"
15-Aug-23,178.88,179.48,177.05,177.45,176.16,"43,622,600"
14-Aug-23,177.97,179.69,177.31,179.46,178.15,"43,675,600"
11-Aug-23,0.24 Dividend,,,,,
11-Aug-23,177.32,178.62,176.55,177.79,176.5,"51,988,100"
10-Aug-23,179.48,180.75,177.6,177.97,176.44,"54,686,900"
9-Aug-23,180.87,180.93,177.01,178.19,176.65,"60,378,500"
8-Aug-23,179.69,180.27,177.58,179.8,178.25,"67,823,000"
7-Aug-23,182.13,183.13,177.35,178.85,177.31,"97,576,100"
4-Aug-23,185.52,187.38,181.92,181.99,180.42,"115,799,700"
3-Aug-23,191.57,192.37,190.69,191.17,189.52,"61,235,200"
2-Aug-23,195.04,195.18,191.85,192.58,190.92,"50,389,300"
1-Aug-23,196.24,196.73,195.28,195.61,193.92,"35,175,100"
31-Jul-23,196.06,196.49,195.26,196.45,194.76,"38,824,100"
28-Jul-23,194.67,196.63,194.14,195.83,194.14,"48,291,400"
27-Jul-23,196.02,197.2,192.55,193.22,191.56,"47,460,200"
26-Jul-23,193.67,195.64,193.32,194.5,192.82,"47,471,900"
25-Jul-23,193.33,194.44,192.92,193.62,191.95,"37,283,200"
24-Jul-23,193.41,194.91,192.25,192.75,191.09,"45,377,800"
21-Jul-23,194.1,194.97,191.23,191.94,190.29,"71,917,800"
20-Jul-23,195.09,196.47,192.5,193.13,191.47,"59,581,200"
19-Jul-23,193.1,198.23,192.65,195.1,193.42,"80,507,300"
18-Jul-23,193.35,194.33,192.42,193.73,192.06,"48,353,800"
17-Jul-23,191.9,194.32,191.81,193.99,192.32,"50,520,200"
14-Jul-23,190.23,191.18,189.63,190.69,189.05,"41,573,900"
13-Jul-23,190.5,191.19,189.78,190.54,188.9,"41,342,300"
12-Jul-23,189.68,191.7,188.47,189.77,188.14,"60,750,200"
11-Jul-23,189.16,189.3,186.6,188.08,186.46,"46,638,100"
10-Jul-23,189.26,189.99,187.04,188.61,186.99,"59,922,200"
7-Jul-23,191.41,192.67,190.24,190.68,189.04,"46,778,000"
6-Jul-23,189.84,192.02,189.2,191.81,190.16,"45,094,300"
5-Jul-23,191.57,192.98,190.62,191.33,189.68,"46,920,300"
3-Jul-23,193.78,193.88,191.76,192.46,190.8,"31,458,200"
30-Jun-23,191.63,194.48,191.26,193.97,192.3,"85,069,600"
29-Jun-23,189.08,190.07,188.94,189.59,187.96,"46,347,300"
28-Jun-23,187.93,189.9,187.6,189.25,187.62,"51,216,800"
27-Jun-23,185.89,188.39,185.67,188.06,186.44,"50,730,800"
26-Jun-23,186.83,188.05,185.23,185.27,183.67,"48,088,700"
23-Jun-23,185.55,187.56,185.01,186.68,185.07,"53,079,300"
22-Jun-23,183.74,187.05,183.67,187,185.39,"51,245,300"
21-Jun-23,184.9,185.41,182.59,183.96,182.38,"49,515,700"
20-Jun-23,184.41,186.1,184.41,185.01,183.42,"49,799,100"
16-Jun-23,186.73,186.99,184.27,184.92,183.33,"101,235,600"
15-Jun-23,183.96,186.52,183.78,186.01,184.41,"65,433,200"
14-Jun-23,183.37,184.39,182.02,183.95,182.37,"57,462,900"
13-Jun-23,182.8,184.15,182.44,183.31,181.73,"54,929,100"
12-Jun-23,181.27,183.89,180.97,183.79,182.21,"54,274,900"
9-Jun-23,181.5,182.23,180.63,180.96,179.4,"48,870,700"
8-Jun-23,177.9,180.84,177.46,180.57,179.01,"50,214,900"
7-Jun-23,178.44,181.21,177.32,177.82,176.29,"61,944,600"
6-Jun-23,179.97,180.12,177.43,179.21,177.67,"64,848,400"
5-Jun-23,182.63,184.95,178.04,179.58,178.03,"121,946,500"
2-Jun-23,181.03,181.78,179.26,180.95,179.39,"61,945,900"
1-Jun-23,177.7,180.12,176.93,180.09,178.54,"68,901,800"
31-May-23,177.33,179.35,176.76,177.25,175.72,"99,625,300"
30-May-23,176.96,178.99,176.57,177.3,175.77,"55,964,400"
26-May-23,173.32,175.77,173.11,175.43,173.92,"54,835,000"
25-May-23,172.41,173.9,171.69,172.99,171.5,"56,058,300"
24-May-23,171.09,172.42,170.52,171.84,170.36,"45,143,500"
23-May-23,173.13,173.38,171.28,171.56,170.08,"50,747,300"
22-May-23,173.98,174.71,173.45,174.2,172.7,"43,570,900"
19-May-23,176.39,176.39,174.94,175.16,173.65,"55,772,400"
18-May-23,173,175.24,172.58,175.05,173.54,"65,496,700"
17-May-23,171.71,172.93,170.42,172.69,171.2,"57,951,600"
16-May-23,171.99,173.14,171.8,172.07,170.59,"42,110,300"
15-May-23,173.16,173.21,171.47,172.07,170.59,"37,266,700"
12-May-23,0.24 Dividend,,,,,
12-May-23,173.62,174.06,171,172.57,171.08,"45,497,800"
11-May-23,173.85,174.59,172.17,173.75,172.02,"49,514,700"
10-May-23,173.02,174.03,171.9,173.56,171.83,"53,724,500"
9-May-23,173.05,173.54,171.6,171.77,170.06,"45,326,900"
8-May-23,172.48,173.85,172.11,173.5,171.77,"55,962,800"
5-May-23,170.98,174.3,170.76,173.57,171.84,"113,316,400"
4-May-23,164.89,167.04,164.31,165.79,164.13,"81,235,400"
3-May-23,169.5,170.92,167.16,167.45,165.78,"65,136,000"
2-May-23,170.09,170.35,167.54,168.54,166.86,"48,425,700"
1-May-23,169.28,170.45,168.64,169.59,167.9,"52,472,900"
28-Apr-23,168.49,169.85,167.88,169.68,167.99,"55,209,200"
27-Apr-23,165.19,168.56,165.19,168.41,166.73,"64,902,300"
26-Apr-23,163.06,165.28,162.8,163.76,162.13,"45,498,800"
25-Apr-23,165.19,166.31,163.73,163.77,162.13,"48,714,100"
24-Apr-23,165,165.6,163.89,165.33,163.68,"41,949,600"
21-Apr-23,165.05,166.45,164.49,165.02,163.37,"58,337,300"
20-Apr-23,166.09,167.87,165.56,166.65,164.99,"52,456,400"
19-Apr-23,165.8,168.16,165.54,167.63,165.96,"47,720,200"
18-Apr-23,166.1,167.41,165.65,166.47,164.81,"49,923,000"
17-Apr-23,165.09,165.39,164.03,165.23,163.58,"41,516,200"
14-Apr-23,164.59,166.32,163.82,165.21,163.56,"49,386,500"
13-Apr-23,161.63,165.8,161.42,165.56,163.91,"68,445,600"
12-Apr-23,161.22,162.06,159.78,160.1,158.5,"50,133,100"
11-Apr-23,162.35,162.36,160.51,160.8,159.19,"47,644,200"
10-Apr-23,161.42,162.03,160.08,162.03,160.41,"47,716,900"
6-Apr-23,162.43,164.96,162,164.66,163.02,"45,390,100"
5-Apr-23,164.74,165.05,161.8,163.76,162.13,"51,511,700"
4-Apr-23,166.6,166.84,165.11,165.63,163.98,"46,278,300"
3-Apr-23,164.27,166.29,164.22,166.17,164.51,"56,976,200"
31-Mar-23,162.44,165,161.91,164.9,163.25,"68,749,800"
30-Mar-23,161.53,162.47,161.27,162.36,160.74,"49,501,700"
29-Mar-23,159.37,161.05,159.35,160.77,159.16,"51,305,700"
28-Mar-23,157.97,158.49,155.98,157.65,156.08,"45,992,200"
27-Mar-23,159.94,160.77,157.87,158.28,156.7,"52,390,300"
24-Mar-23,158.86,160.34,157.85,160.25,158.65,"59,196,500"
23-Mar-23,158.83,161.55,157.68,158.93,157.34,"67,622,100"
22-Mar-23,159.3,162.14,157.81,157.83,156.25,"75,701,800"
21-Mar-23,157.32,159.4,156.54,159.28,157.69,"73,938,300"
20-Mar-23,155.07,157.82,154.15,157.4,155.83,"73,641,400"
17-Mar-23,156.08,156.74,154.28,155,153.45,"98,944,600"
16-Mar-23,152.16,156.46,151.64,155.85,154.29,"76,161,100"
15-Mar-23,151.19,153.25,149.92,152.99,151.46,"77,167,900"
14-Mar-23,151.28,153.4,150.1,152.59,151.07,"73,695,900"
13-Mar-23,147.81,153.14,147.7,150.47,148.97,"84,457,100"
10-Mar-23,150.21,150.94,147.61,148.5,147.02,"68,572,400"
9-Mar-23,153.56,154.54,150.23,150.59,149.09,"53,833,600"
8-Mar-23,152.81,153.47,151.83,152.87,151.34,"47,204,800"
7-Mar-23,153.7,154.03,151.13,151.6,150.09,"56,182,000"
6-Mar-23,153.79,156.3,153.46,153.83,152.29,"87,558,000"
3-Mar-23,148.04,151.11,147.33,151.03,149.52,"70,732,300"
2-Mar-23,144.38,146.71,143.9,145.91,144.45,"52,238,100"
1-Mar-23,146.83,147.23,145.01,145.31,143.86,"55,479,000"
28-Feb-23,147.05,149.08,146.83,147.41,145.94,"50,547,000"
27-Feb-23,147.71,149.17,147.45,147.92,146.44,"44,998,500"
24-Feb-23,147.11,147.19,145.72,146.71,145.25,"55,469,600"
23-Feb-23,150.09,150.34,147.24,149.4,147.91,"48,394,200"
22-Feb-23,148.87,149.95,147.16,148.91,147.42,"51,011,300"
21-Feb-23,150.2,151.3,148.41,148.48,147,"58,867,200"
17-Feb-23,152.35,153,150.85,152.55,151.03,"59,144,100"
16-Feb-23,153.51,156.33,153.35,153.71,152.18,"68,167,900"
15-Feb-23,153.11,155.5,152.88,155.33,153.78,"65,573,800"
14-Feb-23,152.12,153.77,150.86,153.2,151.67,"61,707,600"
13-Feb-23,150.95,154.26,150.92,153.85,152.31,"62,199,000"
10-Feb-23,0.23 Dividend,,,,,
10-Feb-23,149.46,151.34,149.22,151.01,149.5,"57,450,700"
9-Feb-23,153.78,154.33,150.42,150.87,149.14,"56,007,100"
8-Feb-23,153.88,154.58,151.17,151.92,150.17,"64,120,100"
7-Feb-23,150.64,155.23,150.64,154.65,152.87,"83,322,600"
6-Feb-23,152.57,153.1,150.78,151.73,149.99,"69,858,300"
3-Feb-23,148.03,157.38,147.83,154.5,152.72,"154,357,300"
2-Feb-23,148.9,151.18,148.17,150.82,149.09,"118,339,000"
1-Feb-23,143.97,146.61,141.32,145.43,143.76,"77,663,600"
31-Jan-23,142.7,144.34,142.28,144.29,142.63,"65,874,500"
30-Jan-23,144.96,145.55,142.85,143,141.36,"64,015,300"
27-Jan-23,143.16,147.23,143.08,145.93,144.25,"70,555,800"
26-Jan-23,143.17,144.25,141.9,143.96,142.31,"54,105,100"
25-Jan-23,140.89,142.43,138.81,141.86,140.23,"65,799,300"
24-Jan-23,140.31,143.16,140.3,142.53,140.89,"66,435,100"
23-Jan-23,138.12,143.32,137.9,141.11,139.49,"81,760,300"
20-Jan-23,135.28,138.02,134.22,137.87,136.29,"80,223,600"
19-Jan-23,134.08,136.25,133.77,135.27,133.72,"58,280,400"
18-Jan-23,136.82,138.61,135.03,135.21,133.66,"69,672,800"
17-Jan-23,134.83,137.29,134.13,135.94,134.38,"63,646,600"
13-Jan-23,132.03,134.92,131.66,134.76,133.21,"57,809,700"
12-Jan-23,133.88,134.26,131.44,133.41,131.88,"71,379,600"
11-Jan-23,131.25,133.51,130.46,133.49,131.96,"69,458,900"
10-Jan-23,130.26,131.26,128.12,130.73,129.23,"63,896,200"
9-Jan-23,130.47,133.41,129.89,130.15,128.65,"70,790,800"
6-Jan-23,126.01,130.29,124.89,129.62,128.13,"87,754,700"
5-Jan-23,127.13,127.77,124.76,125.02,123.58,"80,962,700"
4-Jan-23,126.89,128.66,125.08,126.36,124.91,"89,113,600"
3-Jan-23,130.28,130.9,124.17,125.07,123.63,"112,117,500"
30-Dec-22,128.41,129.95,127.43,129.93,128.44,"77,034,200"
29-Dec-22,127.99,130.48,127.73,129.61,128.12,"75,703,700"
28-Dec-22,129.67,131.03,125.87,126.04,124.59,"85,438,400"
27-Dec-22,131.38,131.41,128.72,130.03,128.54,"69,007,800"
23-Dec-22,130.92,132.42,129.64,131.86,130.34,"63,814,900"
22-Dec-22,134.35,134.56,130.3,132.23,130.71,"77,852,100"
21-Dec-22,132.98,136.81,132.75,135.45,133.89,"85,928,000"
20-Dec-22,131.39,133.25,129.89,132.3,130.78,"77,432,800"
19-Dec-22,135.11,135.2,131.32,132.37,130.85,"79,592,600"
16-Dec-22,136.69,137.65,133.73,134.51,132.96,"160,156,900"
15-Dec-22,141.11,141.8,136.03,136.5,134.93,"98,931,900"
14-Dec-22,145.35,146.66,141.16,143.21,141.56,"82,291,200"
13-Dec-22,149.5,149.97,144.24,145.47,143.8,"93,886,200"
12-Dec-22,142.7,144.5,141.06,144.49,142.83,"70,462,700"
9-Dec-22,142.34,145.57,140.9,142.16,140.53,"76,097,000"
8-Dec-22,142.36,143.52,141.1,142.65,141.01,"62,128,300"
7-Dec-22,142.19,143.37,140,140.94,139.32,"69,721,100"
6-Dec-22,147.07,147.3,141.92,142.91,141.27,"64,727,200"
5-Dec-22,147.77,150.92,145.77,146.63,144.94,"68,826,400"
2-Dec-22,145.96,148,145.65,147.81,146.11,"65,447,400"
1-Dec-22,148.21,149.13,146.61,148.31,146.61,"71,250,400"
30-Nov-22,141.4,148.72,140.55,148.03,146.33,"111,380,900"
29-Nov-22,144.29,144.81,140.35,141.17,139.55,"83,763,800"
28-Nov-22,145.14,146.64,143.38,144.22,142.56,"69,246,000"
25-Nov-22,148.31,148.88,147.12,148.11,146.41,"35,195,900"
23-Nov-22,149.45,151.83,149.34,151.07,149.33,"58,301,400"
22-Nov-22,148.13,150.42,146.93,150.18,148.45,"51,804,100"
21-Nov-22,150.16,150.37,147.72,148.01,146.31,"58,724,100"
18-Nov-22,152.31,152.7,149.97,151.29,149.55,"74,829,600"
17-Nov-22,146.43,151.48,146.15,150.72,148.99,"80,389,400"
16-Nov-22,149.13,149.87,147.29,148.79,147.08,"64,218,300"
15-Nov-22,152.22,153.59,148.56,150.04,148.32,"89,868,300"
14-Nov-22,148.97,150.28,147.43,148.28,146.58,"73,374,100"
11-Nov-22,145.82,150.01,144.37,149.7,147.98,"93,979,700"
10-Nov-22,141.24,146.87,139.5,146.87,145.18,"118,854,000"
9-Nov-22,138.5,138.55,134.59,134.87,133.32,"74,917,800"
8-Nov-22,140.41,141.43,137.49,139.5,137.9,"89,908,500"
7-Nov-22,137.11,139.15,135.67,138.92,137.32,"83,374,600"
4-Nov-22,0.23 Dividend,,,,,
4-Nov-22,142.09,142.67,134.38,138.38,136.79,"140,814,800"
3-Nov-22,142.06,142.8,138.75,138.88,137.06,"97,918,500"
2-Nov-22,148.95,152.17,145,145.03,143.13,"93,604,600"
1-Nov-22,155.08,155.45,149.13,150.65,148.67,"80,379,300"
31-Oct-22,153.16,154.24,151.92,153.34,151.33,"97,943,200"
28-Oct-22,148.2,157.5,147.82,155.74,153.7,"164,762,400"
27-Oct-22,148.07,149.05,144.13,144.8,142.9,"109,180,200"
26-Oct-22,150.96,151.99,148.04,149.35,147.39,"88,194,300"
25-Oct-22,150.09,152.49,149.36,152.34,150.34,"74,732,300"
24-Oct-22,147.19,150.23,146,149.45,147.49,"75,981,900"
21-Oct-22,142.87,147.85,142.65,147.27,145.34,"86,548,600"
20-Oct-22,143.02,145.89,142.65,143.39,141.51,"64,522,000"
19-Oct-22,141.69,144.95,141.5,143.86,141.97,"61,758,300"
18-Oct-22,145.49,146.7,140.61,143.75,141.86,"99,136,600"
17-Oct-22,141.07,142.9,140.27,142.41,140.54,"85,250,900"
14-Oct-22,144.31,144.52,138.19,138.38,136.56,"88,598,000"
13-Oct-22,134.99,143.59,134.37,142.99,141.11,"113,224,000"
12-Oct-22,139.13,140.36,138.16,138.34,136.52,"70,433,700"
11-Oct-22,139.9,141.35,138.22,138.98,137.16,"77,033,700"
10-Oct-22,140.42,141.89,138.57,140.42,138.58,"74,899,000"
7-Oct-22,142.54,143.1,139.45,140.09,138.25,"85,925,600"
6-Oct-22,145.81,147.54,145.22,145.43,143.52,"68,402,200"
5-Oct-22,144.07,147.38,143.01,146.4,144.48,"79,471,000"
4-Oct-22,145.03,146.22,144.26,146.1,144.18,"87,830,100"
3-Oct-22,138.21,143.07,137.69,142.45,140.58,"114,311,700"
30-Sep-22,141.28,143.1,138,138.2,136.39,"124,925,300"
29-Sep-22,146.1,146.72,140.68,142.48,140.61,"128,138,200"
28-Sep-22,147.64,150.64,144.84,149.84,147.87,"146,691,400"
27-Sep-22,152.74,154.72,149.95,151.76,149.77,"84,442,700"
26-Sep-22,149.66,153.77,149.64,150.77,148.79,"93,339,400"
23-Sep-22,151.19,151.47,148.56,150.43,148.45,"96,029,900"
22-Sep-22,152.38,154.47,150.91,152.74,150.73,"86,652,500"
21-Sep-22,157.34,158.74,153.6,153.72,151.7,"101,696,800"
20-Sep-22,153.4,158.08,153.08,156.9,154.84,"107,689,800"
19-Sep-22,149.31,154.56,149.1,154.48,152.45,"81,474,200"
16-Sep-22,151.21,151.35,148.37,150.7,148.72,"162,278,800"
15-Sep-22,154.65,155.24,151.38,152.37,150.37,"90,481,100"
14-Sep-22,154.79,157.1,153.61,155.31,153.27,"87,965,400"
13-Sep-22,159.9,160.54,153.37,153.84,151.82,"122,656,600"
12-Sep-22,159.59,164.26,159.3,163.43,161.28,"104,956,000"
9-Sep-22,155.47,157.82,154.75,157.37,155.3,"68,028,800"
8-Sep-22,154.64,156.36,152.68,154.46,152.43,"84,923,800"
7-Sep-22,154.82,156.67,153.61,155.96,153.91,"87,449,600"
6-Sep-22,156.47,157.09,153.69,154.53,152.5,"73,714,800"
2-Sep-22,159.75,160.36,154.97,155.81,153.76,"76,957,800"
1-Sep-22,156.64,158.42,154.67,157.96,155.89,"74,229,900"
31-Aug-22,160.31,160.58,157.14,157.22,155.16,"87,991,100"
30-Aug-22,162.13,162.56,157.72,158.91,156.82,"77,906,200"
29-Aug-22,161.15,162.9,159.82,161.38,159.26,"73,314,000"
26-Aug-22,170.57,171.05,163.56,163.62,161.47,"78,961,000"
25-Aug-22,168.78,170.14,168.35,170.03,167.8,"51,218,200"
24-Aug-22,167.32,168.11,166.25,167.53,165.33,"53,841,500"
23-Aug-22,167.08,168.71,166.65,167.23,165.03,"54,147,100"
22-Aug-22,169.69,169.86,167.14,167.57,165.37,"69,026,800"
19-Aug-22,173.03,173.74,171.31,171.52,169.27,"70,346,300"
18-Aug-22,173.75,174.9,173.12,174.15,171.86,"62,290,100"
17-Aug-22,172.77,176.15,172.57,174.55,172.26,"79,542,000"
16-Aug-22,172.78,173.71,171.66,173.03,170.76,"56,377,100"
15-Aug-22,171.52,173.39,171.35,173.19,170.92,"54,091,700"
12-Aug-22,169.82,172.17,169.4,172.1,169.84,"68,039,400"
11-Aug-22,170.06,170.99,168.19,168.49,166.28,"57,149,200"
10-Aug-22,167.68,169.34,166.9,169.24,167.02,"70,170,500"
9-Aug-22,164.02,165.82,163.25,164.92,162.75,"63,135,500"
8-Aug-22,166.37,167.81,164.2,164.87,162.71,"60,276,900"
5-Aug-22,0.23 Dividend,,,,,
5-Aug-22,163.21,165.85,163,165.35,163.18,"56,697,000"
4-Aug-22,166.01,167.19,164.43,165.81,163.41,"55,474,100"
3-Aug-22,160.84,166.59,160.75,166.13,163.72,"82,507,500"
2-Aug-22,160.1,162.41,159.63,160.01,157.69,"59,907,000"
1-Aug-22,161.01,163.59,160.89,161.51,159.17,"67,829,400"
29-Jul-22,161.24,163.63,159.5,162.51,160.15,"101,786,900"
28-Jul-22,156.98,157.64,154.41,157.35,155.07,"81,378,700"
27-Jul-22,152.58,157.33,152.16,156.79,154.52,"78,620,700"
26-Jul-22,152.26,153.09,150.8,151.6,149.4,"55,138,700"
25-Jul-22,154.01,155.04,152.28,152.95,150.73,"53,623,900"
22-Jul-22,155.39,156.28,153.41,154.09,151.86,"66,675,400"
21-Jul-22,154.5,155.57,151.94,155.35,153.1,"65,086,600"
20-Jul-22,151.12,153.72,150.37,153.04,150.82,"64,823,400"
19-Jul-22,147.92,151.23,146.91,151,148.81,"82,982,400"
18-Jul-22,150.74,151.57,146.7,147.07,144.94,"81,420,900"
15-Jul-22,149.78,150.86,148.2,150.17,147.99,"76,259,900"
14-Jul-22,144.08,148.95,143.25,148.47,146.32,"78,140,700"
13-Jul-22,142.99,146.45,142.12,145.49,143.38,"71,185,600"
12-Jul-22,145.76,148.45,145.05,145.86,143.75,"77,588,800"
11-Jul-22,145.67,146.64,143.78,144.87,142.77,"63,141,600"
8-Jul-22,145.26,147.55,145,147.04,144.91,"64,547,800"
7-Jul-22,143.29,146.55,143.28,146.35,144.23,"66,253,700"
6-Jul-22,141.35,144.12,141.08,142.92,140.85,"74,064,300"
5-Jul-22,137.77,141.61,136.93,141.56,139.51,"73,353,800"
1-Jul-22,136.04,139.04,135.66,138.93,136.92,"71,051,600"
30-Jun-22,137.25,138.37,133.77,136.72,134.74,"98,964,500"
29-Jun-22,137.46,140.67,136.67,139.23,137.21,"66,242,400"
28-Jun-22,142.13,143.42,137.32,137.44,135.45,"67,083,400"
27-Jun-22,142.7,143.49,140.97,141.66,139.61,"70,207,900"
24-Jun-22,139.9,141.91,139.77,141.66,139.61,"89,116,800"
23-Jun-22,136.82,138.59,135.63,138.27,136.27,"72,433,800"
22-Jun-22,134.79,137.76,133.91,135.35,133.39,"73,409,200"
21-Jun-22,133.42,137.06,133.32,135.87,133.9,"81,000,500"
17-Jun-22,130.07,133.08,129.81,131.56,129.65,"134,520,300"
16-Jun-22,132.08,132.39,129.04,130.06,128.17,"108,123,900"
15-Jun-22,134.29,137.34,132.16,135.43,133.47,"91,533,000"
14-Jun-22,133.13,133.89,131.48,132.76,130.84,"84,784,300"
13-Jun-22,132.87,135.2,131.44,131.88,129.97,"122,207,100"
10-Jun-22,140.28,140.76,137.06,137.13,135.14,"91,437,900"
9-Jun-22,147.08,147.95,142.53,142.64,140.57,"69,473,000"
8-Jun-22,148.58,149.87,147.46,147.96,145.81,"53,950,200"
7-Jun-22,144.35,149,144.1,148.71,146.55,"67,808,200"
6-Jun-22,147.03,148.57,144.9,146.14,144.02,"71,598,400"
3-Jun-22,146.9,147.97,144.46,145.38,143.27,"88,570,300"
2-Jun-22,147.83,151.27,146.86,151.21,149.02,"72,348,100"
1-Jun-22,149.9,151.74,147.68,148.71,146.55,"74,286,600"
31-May-22,149.07,150.66,146.84,148.84,146.68,"103,718,400"
27-May-22,145.39,149.68,145.26,149.64,147.47,"90,978,500"
26-May-22,137.39,144.34,137.14,143.78,141.7,"90,601,500"
25-May-22,138.43,141.79,138.34,140.52,138.48,"92,482,700"
24-May-22,140.81,141.97,137.33,140.36,138.32,"104,132,700"
23-May-22,137.79,143.26,137.65,143.11,141.04,"117,726,300"
20-May-22,139.09,140.7,132.61,137.59,135.6,"137,426,100"
19-May-22,139.88,141.66,136.6,137.35,135.36,"136,095,600"
18-May-22,146.85,147.36,139.9,140.82,138.78,"109,742,900"
17-May-22,148.86,149.77,146.68,149.24,147.08,"78,336,300"
16-May-22,145.55,147.52,144.18,145.54,143.43,"86,643,800"
13-May-22,144.59,148.1,143.11,147.11,144.98,"113,990,900"
12-May-22,142.77,146.2,138.8,142.56,140.49,"182,602,000"
11-May-22,153.5,155.45,145.81,146.5,144.38,"142,689,800"
10-May-22,155.52,156.74,152.93,154.51,152.27,"115,366,700"
9-May-22,154.93,155.83,151.49,152.06,149.86,"131,577,900"
6-May-22,0.23 Dividend,,,,,
6-May-22,156.01,159.44,154.18,157.28,155,"116,124,600"
5-May-22,163.85,164.08,154.95,156.77,154.27,"130,525,300"
4-May-22,159.67,166.48,159.26,166.02,163.37,"108,256,500"
3-May-22,158.15,160.71,156.32,159.48,156.94,"88,966,500"
2-May-22,156.71,158.23,153.27,157.96,155.44,"123,055,300"
29-Apr-22,161.84,166.2,157.25,157.65,155.14,"131,747,600"
28-Apr-22,159.25,164.52,158.93,163.64,161.03,"130,216,800"
27-Apr-22,155.91,159.79,155.38,156.57,154.07,"88,063,200"
26-Apr-22,162.25,162.34,156.72,156.8,154.3,"95,623,200"
25-Apr-22,161.12,163.17,158.46,162.88,160.28,"96,046,400"
22-Apr-22,166.46,167.87,161.5,161.79,159.21,"84,882,400"
21-Apr-22,168.91,171.53,165.91,166.42,163.77,"87,227,800"
20-Apr-22,168.76,168.88,166.1,167.23,164.56,"67,929,800"
19-Apr-22,165.02,167.82,163.91,167.4,164.73,"67,723,800"
18-Apr-22,163.92,166.6,163.57,165.07,162.44,"69,023,900"
14-Apr-22,170.62,171.27,165.04,165.29,162.65,"75,329,400"
13-Apr-22,167.39,171.04,166.77,170.4,167.68,"70,618,900"
12-Apr-22,168.02,169.87,166.64,167.66,164.99,"79,265,200"
11-Apr-22,168.71,169.03,165.5,165.75,163.11,"72,246,700"
8-Apr-22,171.78,171.78,169.2,170.09,167.38,"76,575,500"
7-Apr-22,171.16,173.36,169.85,172.14,169.4,"77,594,700"
6-Apr-22,172.36,173.63,170.13,171.83,169.09,"89,058,800"
5-Apr-22,177.5,178.3,174.42,175.06,172.27,"73,401,800"
4-Apr-22,174.57,178.49,174.44,178.44,175.59,"76,468,400"
1-Apr-22,174.03,174.88,171.94,174.31,171.53,"78,751,300"
31-Mar-22,177.84,178.03,174.4,174.61,171.83,"103,049,300"
30-Mar-22,178.55,179.61,176.7,177.77,174.94,"92,633,200"
29-Mar-22,176.69,179.01,176.34,178.96,176.11,"100,589,400"
28-Mar-22,172.17,175.73,172,175.6,172.8,"90,371,900"
25-Mar-22,173.88,175.28,172.75,174.72,171.93,"80,546,200"
24-Mar-22,171.06,174.14,170.21,174.07,171.29,"90,131,400"
23-Mar-22,167.99,172.64,167.65,170.21,167.5,"98,062,700"
22-Mar-22,165.51,169.42,164.91,168.82,166.13,"81,532,000"
21-Mar-22,163.51,166.35,163.01,165.38,162.74,"95,811,400"
18-Mar-22,160.51,164.48,159.76,163.98,161.37,"123,511,700"
17-Mar-22,158.61,161,157.63,160.62,158.06,"75,615,400"
16-Mar-22,157.05,160,154.46,159.59,157.05,"102,300,200"
15-Mar-22,150.9,155.57,150.38,155.09,152.62,"92,964,300"
14-Mar-22,151.45,154.12,150.1,150.62,148.22,"108,732,100"
11-Mar-22,158.93,159.28,154.5,154.73,152.26,"96,970,100"
10-Mar-22,160.2,160.39,155.98,158.52,155.99,"105,342,000"
9-Mar-22,161.48,163.41,159.41,162.95,160.35,"91,454,900"
8-Mar-22,158.82,162.88,155.8,157.44,154.93,"131,148,300"
